wl,k
0.3,2.8607E-006
0.31,1.3679E-006
0.32,6.6608E-007
0.334,2.6415E-007
0.35,9.2894E-008
0.365,3.4191E-008
0.37,2.7405E-008
0.38,2.074E-008
0.39,1.3731E-008
0.4,1.0227E-008
0.405,9.0558E-009
0.42,9.3912E-009
0.436,1.1147E-008
0.46,1.0286E-008
0.5,9.5781E-009
0.546,0.000000007
0.58,9.2541E-009
0.62,1.1877E-008
0.66,1.2643E-008
0.7,8.9305E-009
1.06,1.0137E-008
1.53,9.839E-008
1.97,1.0933E-006
2.325,4.2911E-006
2.5,0.00000813
